<?xml version="1.0" encoding="UTF-8"?>
<project-private xmlns="http://www.netbeans.org/ns/project-private/1">
    <editor-bookmarks xmlns="http://www.netbeans.org/ns/editor-bookmarks/2" lastBookmarkId="0"/>
    <open-files xmlns="http://www.netbeans.org/ns/projectui-open-files/2">
        <group>
            <file>file:/C:/Users/joao.vmatulis/Desktop/AS/Site/src/java/model/EmpresaDao.java</file>
            <file>file:/C:/Users/joao.vmatulis/Desktop/AS/Site/web/acesso_admin.jsp</file>
            <file>file:/C:/Users/joao.vmatulis/Desktop/AS/Site/web/acesso_outros.jsp</file>
            <file>file:/C:/Users/joao.vmatulis/Desktop/AS/Site/web/mensagens.jsp</file>
            <file>file:/C:/Users/joao.vmatulis/Desktop/AS/Site/src/java/controller/ControleUsuario.java</file>
            <file>file:/C:/Users/joao.vmatulis/Desktop/AS/Site/src/java/model/Usuario.java</file>
            <file>file:/C:/Users/joao.vmatulis/Desktop/AS/Site/web/index.html</file>
        </group>
    </open-files>
</project-private>
