<?xml version="1.0" encoding="UTF-8"?>
<project-private xmlns="http://www.netbeans.org/ns/project-private/1">
    <editor-bookmarks xmlns="http://www.netbeans.org/ns/editor-bookmarks/2" lastBookmarkId="0"/>
    <open-files xmlns="http://www.netbeans.org/ns/projectui-open-files/2">
        <group>
            <file>file:/C:/Users/joao.vmatulis/Desktop/AS/Site/src/java/controller/ControleDepartamento.java</file>
            <file>file:/C:/Users/joao.vmatulis/Desktop/AS/Site/src/java/model/EmpresaDao.java</file>
            <file>file:/C:/Users/joao.vmatulis/Desktop/AS/Site/web/Departamentos/condep.html</file>
            <file>file:/C:/Users/joao.vmatulis/Desktop/AS/Site/web/Departamentos/excdep.html</file>
            <file>file:/C:/Users/joao.vmatulis/Desktop/AS/Site/web/Departamentos/altdep.html</file>
            <file>file:/C:/Users/joao.vmatulis/Desktop/AS/Site/web/Departamentos/alterar_dep.jsp</file>
            <file>file:/C:/Users/joao.vmatulis/Desktop/AS/Site/src/java/controller/ControleUsuario.java</file>
            <file>file:/C:/Users/joao.vmatulis/Desktop/AS/Site/src/java/model/Departamento.java</file>
            <file>file:/C:/Users/joao.vmatulis/Desktop/AS/Site/src/java/model/Funcionario.java</file>
        </group>
    </open-files>
</project-private>
